city,location
Dhaka,60 Feet Road 
Chittagong,Chokbazar 
Dhaka,Gulshan 
Dhaka,Uttara 
Dhaka,Karwan Bazar 
Dhaka,Bashundhara R.A 
Chittagong,Others 
Dhaka,Kallyanpur 
Dhaka,Bashundhara R.A 
Dhaka,Bashundhara R.A 
Dhaka,Mirpur 
Dhaka,Bashundhara R.A 
Dhaka,Tejgaon 
Rangpur,Rangpur Sadar 
Dhaka,Bashundhara R.A 
Dhaka,Adabor 
Dhaka,Bashundhara R.A 
Dhaka,Tejgaon 
Rangpur,Rangpur Sadar 
Dhaka,Badda 
Dhaka,60 Feet Road 
Dhaka,Paltan 
Dhaka,Bashundhara R.A 
Dhaka,Bashundhara R.A 
Dhaka,Dhanmondi 
Dhaka,Bashundhara R.A 
Dhaka,60 Feet Road 
Dhaka,Kalabagan 
Dhaka,60 Feet Road 
Dhaka,Bashundhara R.A 
